temperature,pressure,altitude,soilmoisture,class
24.36350297118406,937.0265857677239,130.85284186795298,0.672702994208898,Wet
38.767857660247905,1008.3801894756716,123.48939953599991,0.7966813971913723,Very Wet
33.29984854528513,1074.5891671752815,453.12729026051835,0.250467898792499,Dry
29.966462104925917,1046.4449772819123,124.77309992475305,0.6248740996069989,Wet
18.900466011060914,1061.3122295722899,135.97486306431549,0.5717459831437487,Wet
18.899863008405067,1031.7566733421436,379.69913120898184,0.8328303767882711,Very Wet
16.452090304204987,1038.4553129035705,224.86992122527,0.9060870604812605,Very Wet
36.654403644373375,1069.8391303130638,388.3552784775906,0.012156771477386807,Very Dry
30.02787529358022,949.9336017718372,32.683078782192624,0.6740199190587927,Wet
32.70181444490114,997.884992728628,243.78559683669215,0.05183579911972902,Very Dry
15.51461235739506,944.2418883639205,16.806800091641318,0.5488586650773559,Wet
39.247746304049855,1097.5336015993294,31.32660172767726,0.2876327290436782,Very Dry
35.81106602001054,1088.8118679373226,453.2187266722055,0.3067765995221412,Wet
20.308477766956905,907.8853622737012,69.62268555879758,0.3529585034523566,Wet
19.545624180177516,1041.1150345031376,266.21034113760857,0.6212924490496101,Wet
19.585112746335845,1085.0496634831331,205.54780130035329,0.3340499656687692,Wet
22.60605607398844,936.1150690254667,173.67166312942135,0.7326990505902804,Dry
28.11891079080595,1013.5890461105259,449.9166728436362,0.4045273855738697,Wet
25.798625466052894,1083.0976595176085,10.91169838774475,0.06835320030995862,Dry
22.28072850495105,906.7891957171597,331.8948430877945,0.7837598424841072,Very Wet
30.296322368059485,1039.484053449368,481.6972171067752,0.285758324592706,Very Dry
18.487346516301045,959.4698014745102,280.084091730921,0.43276687959926263,Wet
22.303616213380455,1084.879239075306,468.4112310165459,0.6854438832219015,Very Dry
24.159046082342293,1094.2116490330736,26.128939643011883,0.332456157148712,Very Dry
26.4017496054259,1088.8532978226867,209.3966595370807,0.056585656146715624,Dry
34.62939903482534,994.8428433314928,130.07889548102557,0.3739210470128136,Wet
19.991844553958995,1072.4085301978628,365.41048249036487,0.9444485826943034,Very Wet
27.85586096034029,1068.9098797070142,490.64854524862335,0.6417343972985582,Wet
29.810364221551062,963.8200946486511,128.2650312221239,0.6714791486672069,Wet
16.161260317999943,1065.7830948301355,327.08730073703725,0.6322821536376398,Wet
30.18862129753596,907.4015269430985,99.04881637987006,0.1989921389594368,Very Dry
19.263103092182288,1019.2539756964106,282.66512728580494,0.41833386410228013,Very Wet
16.62628982463199,946.0017674575406,231.9662433441681,0.7509397983633183,Very Wet
38.722138431333335,924.1133771554557,486.0026648157685,0.10137289755315915,Very Dry
39.14080082686398,915.3906403258418,304.26363634823326,0.27785277608971226,Very Dry
35.20993370291153,1039.257755175628,174.75318604340939,0.2763191084658536,Very Dry
22.61534422933427,967.9749927536133,57.04789244396669,0.432018927594506,Wet
17.441802850159597,1044.9533543057523,75.62341436746728,0.9803687409421851,Wet
32.10582566280392,913.0712681597885,112.65846497561755,0.06750254668382194,Very Dry
26.003812343490033,963.0580675661221,125.483330670149,0.518700994380595,Dry
18.05095587111947,1007.8982584750675,425.3080289205689,0.17936468201221045,Dry
27.379422752781757,1058.1446329677926,280.61139414126245,0.9706765454097441,Very Wet
15.85971302788046,963.750500586414,261.6954556871832,0.1133035047274642,Dry
37.73301005196955,1025.178275287402,57.38443593460873,0.40360100236159124,Wet
21.469499540000424,1077.1955496472374,430.0698466747175,0.7378849848346062,Very Wet
31.56305710884955,1023.1726376364609,361.40715160424185,0.7045544280274453,Very Wet
22.792776902235275,946.5918949507268,33.83418095000079,0.42272863689393225,Very Wet
28.00170052944527,904.8801563113076,353.9175486148843,0.34652416795271823,Dry
28.66775698358199,1074.019774780186,271.769108671323,0.39761237855287057,Dry
19.621361388138176,904.2538821700774,40.86267287338913,0.2642762631586393,Dry
39.239615694113965,1074.9403345368398,229.15032076432823,0.2053329387067998,Very Dry
34.37832058402786,1005.7874268054424,242.3481435650235,0.48303969755889,Wet
38.48747353910473,1087.8135397025792,82.88727008163788,0.2685337560676073,Very Dry
37.37068376069122,1059.7566471547332,472.8490735001412,0.2874616648972501,Very Dry
29.94749947027713,1099.5868221066676,424.98768574033096,0.6567560634745571,Wet
38.04685587557792,970.1423630903421,334.51116866455413,0.9685373316998922,Very Wet
17.212312551297988,1053.4376577862254,231.1477805003036,0.6036372005593751,Very Dry
19.89957156047863,980.3861827218484,205.88277079225426,0.07697946706496628,Dry
16.13068222276345,995.9751240607818,325.4867335754771,0.07558361385406698,Wet
23.133258269081608,1025.501092643674,272.7159347034527,0.951423220845566,Very Wet
24.71693224223705,1074.7354228372678,31.136552940942806,0.29729079030733363,Dry
21.783725794347397,1096.816693839859,256.25132438516584,0.09206698608247543,Dry
35.718437728798236,1053.6546827729037,403.2018086164197,0.5990445871503816,Wet
23.918833167339734,983.5533564334668,229.61993879847904,0.6236487782902661,Wet
22.023362742184517,984.2714004554141,25.978288777134207,0.6485048201186882,Wet
28.567402078956214,1047.5164603177782,393.13909969201654,0.2674020278575413,Dry
18.523105624369066,947.7554291536604,100.6818910679872,0.015110684214475034,Dry
35.054924518850996,922.094822626279,129.31041744401938,0.9650153694544719,Very Wet
16.863766091994272,970.9244315281553,82.35317671614794,0.2508930456911025,Very Dry
39.672173415012935,957.4477983308163,165.10753243574877,0.6760262880525475,Very Dry
34.306119232416435,959.261624091198,378.3757528443175,0.7066298698787096,Very Wet
19.96789203835431,946.721550209982,259.6929297519687,0.6100074170794857,Wet
15.13805292809006,908.4186379272724,102.44063707535628,0.3129073942136482,Wet
35.386535711370854,903.5747869466827,438.91503907602043,0.27109625376406576,Dry
32.671433596190425,1097.5444779472064,439.7909274757646,0.5976682827027031,Wet
33.22517920102469,985.5546267471725,435.28921252300347,0.8660956336116915,Very Wet
34.281758667148644,976.8653294319363,119.39810569076964,0.9467337289233956,Very Wet
16.85111629335226,1035.929456538614,225.61967209049405,0.10590580440375763,Dry
23.961643213606813,943.6507775730129,492.49482807043756,0.15482861259771985,Dry
17.896726488128245,1089.9922367900451,386.0062381549952,0.9447362587830797,Very Wet
36.57758564688984,1057.2690028831105,13.583710612779909,0.7365352283347926,Very Dry
30.58245317068895,917.8822004624519,32.602295630246026,0.8829938248297731,Wet
23.27245062131623,983.5161551569856,231.96568840616638,0.20263263413534316,Dry
16.588958757150593,1075.8236615124329,454.6101029307801,0.5875858711094019,Dry
22.774558042891556,1088.9464044582821,269.3508989763571,0.7011395944174736,Very Wet
23.12958305066868,993.480302249974,248.9062540171451,0.6801118854469727,Wet
33.2401544584516,1022.6822778421415,52.73684997831529,0.4081516908666981,Wet
30.93893678388033,933.406789218415,328.390052362147,0.015394891691308477,Very Dry
37.18031856440817,1098.2337252273953,411.05158030011273,0.5829260568042631,Very Dry
26.805373129048732,946.3343402766886,190.21000375378117,0.25310153917960876,Dry
17.98985614845754,1088.5463548270252,387.8059254626637,0.45025424614289034,Very Dry
32.83111968057487,1029.9293297984736,482.2383269504058,0.9575810150838173,Very Wet
34.019626215422434,1021.5473589757719,101.88322956384455,0.3990353176424347,Wet
29.031929939237408,1002.5377022033017,261.66481559737065,0.8398016066644267,Very Wet
34.27417949886403,946.1339623435517,143.56897904228776,0.18854060574925113,Very Dry
27.344889909109767,935.3056064011016,396.4272095169197,0.6724604980250288,Wet
28.06832073454985,944.0972418140351,288.79668294057876,0.9770069544389435,Wet
25.68852545896374,937.287652428851,317.29120877515186,0.10189310087293679,Dry
15.63547816860238,1055.9168947133508,398.957079807947,0.008319942227192012,Dry
17.69728567483261,970.025051833346,197.98523633122744,0.43358279263261434,Dry
15.785729642168356,911.5685353126793,457.5450342035216,0.0926254830513672,Dry
30.91026028159451,1093.8205260281622,266.51443362307,0.7483843496762314,Very Wet
22.858899526908168,1076.7571769926851,78.977411417674,0.9145486638485589,Dry
27.71426727911757,1085.5504566390425,347.94955908440124,0.43402097270875883,Wet
37.689161848152324,1098.981564529287,396.6306752191272,0.25871164215544096,Very Wet
21.232305728721872,934.7790498438975,158.38083853376332,0.4344033190066098,Very Wet
25.259573075890742,979.2484037805317,428.5896284993765,0.723447817850001,Very Wet
33.888778463576216,1051.6476951408183,453.0716273828832,0.009054161580370979,Very Dry
20.71995413729056,1039.2041236107584,138.45224368890447,0.5894539894846972,Wet
16.924497745719826,930.779181267971,491.76073635761105,0.6132916848873791,Wet
22.2437863228442,1063.1666249981236,70.35576402437921,0.6376882468959355,Wet
19.03053218135011,944.8881143673322,101.00783420124499,0.2420220799808772,Dry
38.242441308564324,944.7635229645247,92.11241961901307,0.7140527233781268,Very Wet
35.20300948911043,1007.3948845786828,446.9948550039352,0.0913914863317764,Very Dry
30.835093912760584,1018.5879869683406,327.14627616248094,0.1992703364668008,Very Dry
36.786514754692945,1016.0172415675622,76.05214161113643,0.8774700466544819,Very Wet
35.09180192247786,918.297367479551,220.1617091841745,0.7387231507265664,Very Wet
19.664251472150895,1075.492172526076,307.64901253490103,0.013745554011345251,Dry
37.313974962249446,953.1200085177412,41.73204249469165,0.2483762603698002,Very Dry
28.48355604789127,925.9029842565608,441.20818420366936,0.21440648299316456,Dry
35.18600387910156,1077.7496159737955,401.8017677207676,0.2708063280369726,Dry
37.40228249808733,1091.1302996459508,252.6033867883191,0.2475597702798864,Very Dry
22.950086874296595,1072.4255234530901,483.5633076295852,0.06252629574284574,Dry
17.75129811319192,1061.9032149449756,208.88048963754986,0.45894051659682034,Very Wet
20.698379063548543,1031.0483961278044,492.0551595182489,0.7327334747861651,Very Wet
25.677694715656408,1010.1714741218278,333.95999940181355,0.6067317247174364,Wet
35.45036914806233,917.397351982282,317.3356366269707,0.6728716685980798,Wet
36.51826458140859,981.6906426141397,82.9774476478925,0.08114917853623915,Very Dry
15.173803263279767,974.5377034024627,440.96387915232197,0.9514907101767872,Very Wet
27.768682564439143,951.9507567520652,213.74484396030758,0.8384918338430248,Very Wet
25.435275078719474,1044.684022737717,81.11670289123968,0.8050903184956627,Very Wet
20.552695261768257,999.1751470157542,6.30375998787952,0.8229838050417675,Very Dry
17.99663418334207,916.2092431815296,279.8778418191913,0.9327105081327614,Dry
23.4403792850907,944.0366403899623,263.69981106133815,0.5442539661136977,Wet
38.572742597812976,1036.6517527319193,359.67681118457926,0.2002820178676259,Very Dry
23.080073300518883,915.22617189806,445.12902650890106,0.6167836078525412,Wet
27.969765543584153,1070.2413828097538,39.70329232151476,0.742881493667939,Very Wet
32.57547397237944,999.0293054027949,365.7482451701812,0.7379173933540254,Very Wet
24.09074005948235,996.1173154653296,93.70597204879111,0.5214490241668801,Dry
39.29455206802402,1018.4815569319035,429.088526578582,0.06845871933357806,Dry
39.06118237355278,1064.9361931850299,409.53175693082807,0.3711129384301278,Wet
21.294557395634104,969.5618415804386,270.3968774927722,0.9207666084633573,Very Wet
27.431212647309636,1035.6032305118126,355.12139931165575,0.584448909757426,Dry
22.521957745419243,1013.1463927991582,157.1750565918742,0.5383319432557134,Wet
22.12101235943669,953.4056540338843,235.58394946640732,0.2688535143821935,Wet
15.92217368386332,1075.7259972710317,410.81844885523583,0.3684489199165789,Wet
30.23910834949742,1059.4852043213857,229.63259858660695,0.8953460891531693,Very Wet
27.56697558072154,1031.690366931685,178.8991326627209,0.6664630475268357,Wet
16.286968781249733,1070.1163458188485,247.10622362514994,0.7873870267523329,Dry
21.966161605915286,1073.4588401919605,414.1246262186092,0.45434542306765513,Wet
37.70664714916634,1041.6725953430068,167.60402368543637,0.6302472194561579,Wet
20.989047266674312,1067.4026656727344,86.8807965678719,0.24838360874320753,Very Dry
18.622371802280576,1039.4942923338567,356.0070101653904,0.7054608302834863,Very Dry
27.236319006939077,1036.02815435206,412.9891063540409,0.4276013337033373,Wet
39.641261352765014,1023.7222756430368,50.318739261766666,0.4425455148147456,Wet
21.05138178778751,1050.5433279115282,119.93705637797237,0.6493223245768817,Wet
31.803388685146963,931.7210210586147,70.98599488049695,0.9362806214689267,Very Wet
34.04049038321794,1076.1741518397857,173.9707057910833,0.06400634660862092,Very Dry
20.940938599809993,1074.3687055490464,225.17548945270633,0.8247432373470076,Very Wet
33.205408715296485,905.8494566069119,374.41316848165326,0.2923831104121931,Very Dry
24.194578317981332,1065.1633501129525,325.57379244083705,0.4439194545063778,Wet
30.807645764839485,925.773973494689,310.4642837392156,0.021913328775008956,Very Dry
30.838242769022365,967.0237708518284,176.1874733048272,0.30104607783431303,Wet
28.394367101868962,1048.7016512583216,420.72377654238,0.5026312426301305,Wet
17.257244251360206,932.1519792096616,235.64358369908228,0.05617607734743901,Dry
35.88256238973095,1063.5934048238125,489.55246900757726,0.49109572938316515,Wet
23.019501624293397,1066.4268355915483,317.0710691478684,0.9271106288584273,Very Wet
19.662962759996354,1001.4935467521673,63.13237078225137,0.10539321810780522,Dry
16.0193785388691,901.2771743433667,338.088781037717,0.7644407280755043,Very Wet
29.772323579706047,957.4076266349825,162.5520077158495,0.40967105337599263,Very Dry
31.93910904605706,1023.3853836751484,343.1635983430487,0.655173714524338,Wet
15.414695723196404,1096.2372356054848,34.82057408120287,0.26023659798522936,Dry
27.802326457482025,1026.3627054033336,87.44071858797969,0.1594922625413583,Dry
20.66239437994845,951.9607162128319,427.8686294528932,0.16046261427122643,Dry
31.129319760236246,1026.8011406199223,113.58977851175744,0.07049194564314465,Very Dry
19.359160725124788,1007.9970759431711,418.52056262147005,0.18564670490124302,Very Wet
32.27344345256165,1055.9690790302288,139.63804422720523,0.6642193849889683,Wet
24.668383657513434,921.3961277653917,321.4409550293538,0.881690611843508,Very Wet
38.418249718418366,1052.2055805004056,347.0752867549155,0.8141256855911618,Very Wet
18.43802360364983,1008.253315735222,256.3273765725265,0.6851343098744841,Wet
23.52665877625646,1092.5984007717989,152.65533834836563,0.11043186341110267,Dry
17.83683803101473,968.3744332077372,106.32218818554806,0.28918744629594983,Dry
38.11734045696407,1026.5243786267897,16.59467728121311,0.309806875322469,Wet
36.93348383452452,1086.4056211020036,151.9732006203619,0.24995694639762123,Very Dry
21.44854069287889,920.5019455981359,326.5813952656415,0.5150056597097231,Wet
31.499601150854478,1087.4456974472903,469.15240922424135,0.5355538148796726,Wet
35.4305550050304,1037.5771444601626,435.602241131526,0.3568859751711102,Wet
28.880020289986557,913.5674118210344,383.0323882676513,0.353789158736436,Wet
28.24126445890016,960.1927133893632,394.2236716266493,0.8285555979060814,Very Wet
21.046307272511292,1041.6344177290564,332.4924517379976,0.7892928483196856,Very Wet
17.32756919514748,913.4701202937543,130.1434287830015,0.30779583168074565,Very Dry
37.43039394883317,1016.4340920352547,453.5975153529149,0.9137884438732593,Wet
37.51045142908326,969.1766113905913,335.36615595291704,0.952815017002506,Very Wet
30.827536431831696,1024.1831035534954,280.22031549021995,0.32674254203004083,Wet
23.475744776217518,909.1484067625025,55.494734606740536,0.35442494879305486,Wet
23.73023936531652,1074.3073612304752,223.5277719032127,0.5056341534219588,Wet
33.14889197175599,1094.6977938354794,230.17913560096315,0.9411208125336735,Very Wet
37.42775649881443,1093.7755710571382,432.28180476133497,0.8763194331423115,Very Dry
37.177160606627936,1049.930366348585,273.32411009389426,0.1025679625835898,Wet
34.496888646440595,926.0172480261264,190.20027448520483,0.3927307432714162,Wet
31.050791153857194,1051.6526391858044,488.4001642553297,0.5533711897497718,Wet
17.103499124876222,904.9173832917603,55.36029666315784,0.50313247255154,Very Dry
19.040717852365344,904.4247103057994,211.27421415597232,0.19386306793689267,Dry
37.463854713176985,964.7220438299082,21.012337585702646,0.8588167711681547,Very Wet
30.160726491489747,997.7286380809331,369.95206038346515,0.6769407829968374,Very Dry
15.229926290415742,1054.0814835615586,459.03827609957534,0.8379083748518036,Very Wet
17.536788571650803,1036.659075321301,140.01866477524473,0.8587642793494722,Very Wet
31.587544227701397,989.1805412753497,429.17083839956047,0.7483558536657398,Very Wet
15.126539596155467,954.7253332563332,146.10911523094887,0.43921060124971734,Very Wet
19.020201285437466,1099.4249000315422,455.3850808219576,0.6105467550154245,Wet
28.718344734164653,985.2362604471946,376.98095179839197,0.16036540611974315,Dry
32.297379942317335,990.2774048659351,402.4533884207193,0.6736454174749077,Wet
31.299031487565014,932.7247642383338,9.003277800227249,0.17925325573928075,Wet
20.606732736513994,1058.9619097499858,481.405178537013,0.6939495905101568,Wet
32.8044805336884,1038.7364451562978,363.3354960351616,0.22959816075396866,Very Dry
20.931227187420003,944.1539225577521,152.37554769306666,0.11755130015021997,Dry
23.134992453981695,916.4762091231686,414.69733242942345,0.16528449014295743,Dry
33.662285127950604,1036.0998604149427,140.76059920746496,0.001992135219070268,Dry
31.240822476180366,1030.902242856227,436.37691978306395,0.7187396178535302,Very Wet
36.23058526235445,954.6519053996419,56.29019520596851,0.7324010490583791,Very Wet
31.440322307508584,1090.1727124500821,351.84298873039785,0.5149333499132595,Wet
29.20771508338679,930.2115783561801,270.34923832245516,0.1613628010553837,Dry
17.341869195702312,986.4669602085204,48.26723509772041,0.08355433751068975,Very Dry
24.19289507648584,1088.7231840335198,120.9469141294195,0.01912896643728701,Dry
21.630059192043134,983.9454633852245,6.202018138657395,0.1657481769652207,Dry
21.09974108447709,1027.705189532817,234.38398273225292,0.8908555349831467,Very Wet
39.325263868811135,979.5188795925588,150.6326303800002,0.24153684170168177,Wet
24.82744311666901,954.843040469734,299.1787421488794,0.35427132721721566,Wet
37.30116387942783,1096.7955295919655,148.6189038543086,0.10534548448133318,Very Dry
30.778465649931572,981.8668012630086,149.95955575349234,0.22236130474817029,Very Wet
34.870282588541215,1078.8198407358268,371.5965993658017,0.5192245707802051,Dry
27.5659273276298,945.9909211782173,24.071417989176723,0.6077526830956526,Wet
29.422597115658977,942.6209408050166,451.44749759599364,0.24535231416621106,Dry
27.312942345471598,906.2268165769023,426.13193719559075,0.05773215922511721,Dry
19.881074694951113,1030.333365075177,333.90234161320325,0.39103286912739865,Very Dry
33.06130288153763,973.7052687447522,296.61078505369215,0.23420337092633414,Very Dry
22.019309061021396,1072.8716499679274,446.1512490698261,0.21955392322980194,Dry
15.607899160786346,994.6419813383114,92.66508976435722,0.9598628027134553,Very Wet
31.136807397679195,1093.6386855829444,39.484581095414306,0.6163004859257241,Wet
19.427766985176223,937.1051031406242,119.75508495476905,0.5568784431720959,Dry
38.51146460882286,1073.7246335911223,397.2891393500951,0.4157751035233219,Very Wet
38.84821442506468,1055.3193705583483,17.33513336324166,0.42894433343014426,Very Wet
37.871609755511216,1054.1843689288103,291.40341754174483,0.5409050038380808,Wet
24.25396750638611,1068.9566456233774,497.71875809565495,0.6964298070361072,Wet
15.386415413221686,1052.2047981885999,427.8480469187697,0.7021460961818294,Very Wet
38.20796406469313,1025.244064326283,260.72284452179474,0.17169390770544957,Very Dry
25.704603707932858,926.2489755364775,31.82045464332117,0.500112752076627,Wet
39.16637047609174,906.5052358982504,415.68675719285494,0.41195809503410197,Wet
39.09049942723132,1084.1695695631374,299.48925408860526,0.8705269662693842,Very Wet
36.325236386684,1023.3300629041476,57.466498529783415,0.6314189212183764,Dry
22.36122230173964,1059.3074581952353,46.9286424116781,0.5325040664159818,Wet
24.62744321504813,996.30447030251,454.8134097182962,0.11539464217891737,Wet
36.27841678792142,923.4616377924789,334.60013146903924,0.6056378893234114,Wet
22.923050128906944,925.0371584405101,414.64339965837775,0.11720390568023342,Wet
19.237318667152312,1037.1130574457943,439.48945014113366,0.33720657556575206,Wet
28.920031561458753,986.0611789798925,285.8861760241611,0.14284196481433187,Very Dry
38.40386935401952,940.1049453400674,258.72317587752065,0.6920736470243689,Wet
32.400744916874324,998.3189093482874,215.2137051604951,0.2062521138361526,Wet
29.251529252234125,912.8417874150268,158.47329389555964,0.391859373188026,Wet
17.429412344269213,1016.3942803828797,217.29798042935587,0.8956747776187787,Very Wet
30.375180667479242,953.7986808870195,386.9398278650782,0.2043163833989703,Very Dry
39.75134625260658,1059.5118201274377,300.96171550756577,0.5078050639587791,Dry
18.5021003809131,962.0723917847148,446.26164497742303,0.419271661166022,Wet
27.958241309093417,991.0440298163602,221.69000718959387,0.018124041045729733,Very Wet
36.93432679819888,902.3241079816202,303.54478935937703,0.7927581135728128,Very Wet
33.51921544385511,914.4893775589118,315.65377654599433,0.06904590631459973,Very Dry
32.4253935248817,978.4987112813369,295.84858115316274,0.4742550209769536,Wet
32.56210209967773,995.9877669434247,351.31688654275814,0.5606782949389499,Wet
23.98727878049388,1020.0041096238607,118.71673418740313,0.6284264566145871,Wet
22.339796106612333,958.3325157418607,256.1818887728953,0.6886316293078756,Very Dry
35.23402888696284,1038.9963772253086,52.11240140417384,0.2532723835227151,Very Dry
35.25283486697952,1072.024479437841,192.25566382240626,0.009978776658449373,Very Wet
36.67680796450259,1055.97019777867,243.83353431063222,0.723443662354912,Very Wet
37.83101381391178,907.9237650696714,326.11212977273624,0.5356565993475786,Wet
27.783559971523445,996.1013894515658,475.26552629310174,0.8361177032072488,Very Wet
27.53790736717999,920.986035683635,300.32553327417793,0.8213883629006943,Very Wet
34.95737947416938,948.4090031725054,371.7969580882799,0.8433261677878832,Wet
31.24909826944413,1097.3325186534294,253.13302974760137,0.48509465997954015,Wet
32.54917193144259,928.4991085803026,317.0520156881657,0.33362839583686565,Wet
34.89481673590252,999.7776306902712,35.46610806688671,0.79155820259137,Very Wet
37.250133545439155,1023.6311468636238,127.19579042092349,0.45129411302925493,Wet
23.449878921288395,1040.4929941088208,180.92654660256935,0.1834421964034345,Dry
24.389573815998602,1011.9297366973829,236.2466775032568,0.8549740195614743,Very Wet
17.349548496021725,901.9541694838367,22.824372751191866,0.8825598767723473,Very Wet
29.45700352490435,965.2922616487983,70.01204877665884,0.4663097561401701,Wet
15.898556844918552,1003.5423286769422,138.4071538956529,0.07569972730978747,Very Dry
26.639950453311506,917.5732998289667,485.7663454505253,0.38782608991693124,Wet
28.566115867689415,970.1253862418362,165.67350355152539,0.8035376594626034,Very Wet
22.163531303207108,906.6406217582734,241.02052905604125,0.9017740285462287,Very Wet
29.770831514225268,915.7156994310042,98.04885636919647,0.20347274249759584,Very Dry
15.762506248476235,979.3846552403193,305.3900355378841,0.06697361202527152,Dry
15.933704718730361,926.543150808612,140.34160775798716,0.8773504531328387,Very Wet
35.56501401649146,1013.5081696523116,103.4962892192134,0.3894049389788753,Dry
24.00476603528157,1037.8929938274532,258.2863142229895,0.5417609642675633,Wet
18.17651281629712,1060.1173398218166,2.7528995802104106,0.9680658120507589,Very Wet
28.05608150137011,940.030048848962,3.8320163246126637,0.06656472791422285,Dry
34.24983882746527,933.4965164518139,109.53440455092888,0.6483180074520956,Very Dry
20.395525687421078,920.9135680668801,18.360681250410572,0.07410542257486707,Dry
30.57226189547501,1027.2860499087274,54.01287706534569,0.3754689284665004,Wet
17.1336866248442,1041.2951452973803,169.4303246693758,0.8038145451934468,Very Wet
16.292043029215193,906.3172289651284,401.29283978990645,0.4334722327556344,Wet
28.283865789203702,1087.242449248738,286.02432168465043,0.9971823539029504,Very Wet
28.515878040252662,910.3942567302945,256.33386297820823,0.5590592849466022,Wet
30.935747537455164,1008.2592670602141,146.74441160406082,0.3211621526359535,Wet
33.15228334306654,1041.8121038901834,465.8768597164082,0.22011132590475313,Very Dry
39.396301986563365,1074.1938247492171,198.50752061859583,0.3505205342861618,Wet
27.907508707529885,1042.8173864264857,43.54638339788575,0.3725332737595508,Wet
23.073911823531148,1060.3456166139583,308.5332580589006,0.06871367772396098,Very Dry
34.87965486921759,967.8900385085612,56.919196738300705,0.36957419942677316,Wet
21.770806281551856,1062.9650227493025,172.61157140084603,0.4642385197392249,Wet
25.9742855176409,916.022969276935,253.70596935890444,0.7227377522388047,Very Wet
16.961409533556647,1078.9633312121055,437.1112623425879,0.656729484721608,Wet
15.633768585386438,1009.5184752307473,246.77329017005934,0.7087656552291542,Very Wet
39.06621036694813,1063.4595539924987,351.1293830158321,0.008363681876857099,Very Dry
35.89950301280514,990.46365690366,496.40841949953517,0.21766739958053605,Very Dry
32.39935515234245,1028.715539039305,65.74455994899081,0.6616842883998565,Wet
25.223823610356746,1005.2805321872227,137.36576275975975,0.48398936817974714,Wet
19.332358001771144,1046.3179043510663,197.2880377988232,0.005313475668345946,Very Wet
18.91092606677715,916.325996406118,210.91408926941568,0.8044946424318223,Very Wet
21.256072454114882,912.0704167981128,205.5105376327729,0.7728095732903374,Very Wet
28.730666617653014,949.4206468020293,453.80550127827746,0.5484191629935626,Wet
32.86489806750156,931.9089360226377,357.01632223342824,0.06646332577627212,Very Dry
31.504934417943282,1074.3567133184404,303.9526070453519,0.7665150495325846,Very Wet
21.99834742364857,943.8427974716088,154.68635893139106,0.583713587731364,Wet
38.87163201657985,1095.1730511638264,411.8951921106474,0.7819599771579592,Wet
33.44742291739421,967.3791583542213,477.5302557424945,0.7517469923958404,Very Wet
28.858851312785017,936.4235831377398,410.59914127511325,0.8030020719578371,Very Wet
30.293018655858805,1057.939701428496,0.7825525957364521,0.5180080664046248,Wet
25.490001560694747,1031.7415551001752,318.2006850917035,0.140324518193515,Very Wet
21.193274737528938,999.6391432906278,25.56769072105036,0.6711574733796887,Wet
23.89931696628154,1011.0727101875262,128.80361016686092,0.6204737850519706,Wet
33.94615276160923,1043.8403556544527,29.762350173885842,0.7422531871990872,Very Wet
15.359837215743896,945.6909482662597,301.89772647469385,0.1698810060507353,Dry
17.901816012672906,1099.2667832113484,343.2949567463034,0.19497519990028922,Dry
16.15006605054382,1094.9586324293566,57.24381903295256,0.8904095172193285,Very Wet
16.018220057974254,1030.0651372693874,191.91944152248973,0.7499777984520708,Very Wet
36.38651460027518,939.908490185829,228.11825447777102,0.9082284887003229,Very Wet
32.591446484500594,1036.0456484862582,184.5265108804583,0.7587153211639207,Very Wet
26.85434572718313,914.4396817958352,60.51250024259652,0.5971553059903019,Wet
17.445854016275035,906.1305004411612,209.4738950937377,0.6541327370278737,Wet
27.29039687792081,951.5365777022428,375.58902390420906,0.88912792394001,Very Wet
26.836794269514144,992.5245913478633,35.50383226662773,0.5788067545119405,Dry
19.33004674775038,1073.654501081676,40.090007040951726,0.6323913243283874,Wet
25.846291230949326,1045.4338139532615,177.38564591799212,0.15647671600360058,Dry
24.962618359934336,1048.5413042399962,470.86285580946253,0.4739212201161027,Wet
30.39625245130541,985.0986668896151,334.28632336145705,0.716397111958099,Wet
30.877341271691094,969.1869985093925,339.3349783362824,0.2709426983163654,Very Wet
16.132600244301113,974.2077525969205,180.9599954189325,0.20225418052453492,Dry
24.36531536566178,1097.5299127472115,296.8303956042692,0.31382680822441555,Wet
30.646497892855912,908.0218382824964,5.065592013871689,0.24150062799283345,Wet
27.578406464502194,1073.4062992244897,318.0480232047711,0.21491263703639585,Dry
36.41224602970806,1015.7350817144787,456.64347378811834,0.42485084286808694,Dry
31.467340790473624,987.7230838379181,306.2867341724096,0.9078385138835341,Very Wet
19.073360677035744,1045.0515320830273,436.84929673317254,0.5070596467387183,Dry
16.764218685010746,997.3337882849405,361.9865277330469,0.18792038081532303,Dry
31.06048195515789,1074.684647616332,60.27920820184512,0.07697166938087407,Very Dry
15.662782763540545,1080.1403728022517,451.22665364292084,0.6961561451379252,Wet
29.64438953183658,984.344185374691,33.22192217788744,0.38279876443638783,Wet
38.50575603562394,955.3655594470104,266.9837362738819,0.8218309465853593,Very Wet
29.386854446896976,1018.4700657186725,71.06856189672884,0.6595107686407702,Very Dry
24.70424815516305,1082.4726691233382,5.853305365452033,0.7962414505413685,Very Wet
31.08220546105883,942.1324378011333,211.0171300638195,0.27194603941844875,Very Dry
26.456322262287916,1024.5933167126966,147.5203538270781,0.6923589224610581,Wet
28.640419732898373,1026.3120440185041,243.00024689880152,0.2640619846937188,Dry
38.53662021941313,1046.6226044830562,288.5999433672754,0.9390684794502916,Wet
24.652565945019354,926.313537025452,21.86953615447368,0.6363742815333744,Wet
39.029764095597855,1043.1649929364178,61.501647561872815,0.3245118001753421,Wet
37.63376604890159,1081.806504133128,279.3211982252127,0.26951186229227264,Very Dry
19.89477836973241,935.9366217740484,171.58367658632912,0.1909265850716435,Dry
16.734032521879136,947.5086649847756,364.58674377472397,0.6946409588937278,Very Dry
17.519450034435668,1094.279018808328,326.1458242959698,0.2187156129979273,Wet
15.455545641288744,936.195390541898,422.8021814949534,0.5953032659274891,Wet
17.36107401889821,1070.8770186739157,346.24641333461267,0.26463502692535734,Dry
32.07516933540892,998.455571289607,214.96553869507406,0.6619689447938686,Wet
16.779716211505725,949.4462148806354,336.4833111972162,0.8149397285405392,Very Dry
22.974390757344032,1074.1499802545022,137.69058712770925,0.7780252431446532,Very Wet
36.12188277423637,989.0610510005331,153.15674938910635,0.7608513309307817,Very Wet
15.581798393395646,1002.9634707859381,394.49257996039665,0.18772240569225207,Dry
35.36171206472339,971.8466738799532,223.2097582007911,0.08838494698451871,Very Dry
22.046369369334997,1018.5901702869855,399.1901702591762,0.6989488284873856,Dry
17.954120690541405,932.7047745170046,411.2111868341392,0.3683472137943513,Wet
32.41842913410377,978.2163073303522,428.7811688306419,0.4323462264033473,Very Wet
30.7235711694971,1093.8824644670576,458.31761792060365,0.031149092793391064,Very Dry
36.936800338176326,951.6266865402255,215.4926102566481,0.2595764492750492,Very Dry
33.37677609509714,1031.3473329082585,159.43340916056943,0.03367640387446402,Very Dry
35.08702325962122,965.038012844939,291.09937329705696,0.8791857726012476,Very Wet
22.050864314282663,1054.6946251373201,185.5862117188138,0.24339668321853047,Dry
19.43598859449307,926.17473214367,300.5370834001165,0.557337169573008,Wet
33.76536879102146,1093.964209015709,352.7929313219123,0.03897932066113041,Very Dry
35.1708684816816,990.7579082767279,344.2025092460684,0.6668473913056581,Wet
39.76262855001683,947.2100926692927,187.2764435100607,0.32302734575409386,Wet
25.315441922785663,914.6993494660026,83.43010084937642,0.8979191869576658,Very Wet
24.30045214481958,933.9515810175081,215.26466923110377,0.8881181889340358,Very Wet
34.41032401854992,1003.9547897112035,71.29707204095436,0.3252906183617478,Wet
23.520088506325447,967.4006352862573,445.04851759190416,0.9009608956904679,Very Wet
38.26893314008912,1065.7766731765219,172.9387303689287,0.9961576734987788,Very Wet
36.4603187960753,986.1775047323612,77.22987361166189,0.8254156641239481,Wet
25.72485068437546,949.742854517526,12.72387995287544,0.844871347755229,Very Wet
33.771776694787434,1023.428997320806,322.91119314324214,0.2490087361090899,Very Dry
33.86357185211706,1041.3554433770892,318.4511587273716,0.5767023988577563,Wet
17.578096720898316,933.4083815801899,170.30208329064584,0.06725591396736785,Dry
37.56382266698917,933.5238432576635,35.855944423825505,0.09491793682166971,Very Wet
27.63130931119643,907.3342853867086,204.814447447616,0.9988926120332906,Very Dry
35.66143665269354,1047.280403013128,155.6087475316968,0.32663924942591094,Wet
23.00124002576529,1032.760905524361,338.5603198675047,0.7481839120488464,Very Wet
37.388080712405014,994.9261751499628,302.8896247263452,0.8066650530268165,Very Wet
24.73004196835408,1068.8340897938394,182.29686409877,0.8580232710072292,Very Dry
15.270941287007458,1061.1340305900108,108.94627712749505,0.9976282974021565,Very Wet
37.63454941048159,1017.0708728793504,494.0179830777959,0.24149648525686784,Very Dry
17.28216691965334,1073.6542561026517,227.00081059805743,0.04035082685969971,Dry
22.982840939760372,941.1682420073537,344.13711789011853,0.411191517994586,Wet
38.751549176270125,922.3839238795456,70.27648378918039,0.13008066982894695,Very Dry
38.7651786734389,953.9499223033979,242.7948498296989,0.022425889162055124,Very Dry
29.335947203082153,911.417371217863,13.768359934732743,0.3604268271414861,Wet
30.795930304244983,1006.2339056002064,252.72755895522496,0.7837382510752364,Very Wet
26.211138049457993,1087.3211384589922,482.00870355885115,0.5661806912250709,Wet
22.330269292451614,907.868708133702,192.1033564929001,0.31277798921035405,Wet
23.2166136342479,924.4219828020053,19.498006287455794,0.6543420054927197,Very Dry
31.81296140192596,990.4398056566871,15.477895459671764,0.23201818030881072,Very Dry
33.809363235942,1086.775003505581,193.99337997343474,0.014381446072085025,Very Dry
34.78947609314621,963.2312209953501,80.01246823159703,0.7643533864364274,Very Wet
34.740453569863845,1001.4469617376785,11.676048164092956,0.6237430848640091,Wet
17.280152576217258,908.3145718100784,378.10680697508843,0.76230262450096,Very Wet
27.360507617564537,929.6686401924178,229.26150444094534,0.03893801668766561,Dry
16.438969000416108,1097.3260245917693,144.62238598632726,0.8371196278306522,Very Wet
28.73822205809339,1093.023739287209,450.04159150824034,0.6195262000363033,Wet
26.038262534334425,900.9879961868819,58.06948010026281,0.5633953507126401,Wet
37.19260456895749,1090.3623570846478,477.9594144776596,0.6246140481145316,Very Dry
23.77287531380197,1027.8239875631,156.98335868867642,0.8644332468683641,Very Wet
17.926675410690148,1073.5836589040046,444.20183615434064,0.5869365065589071,Wet
18.574792051320898,990.9479711267718,301.4714382397308,0.5809503798881793,Wet
34.03776579293681,1003.1192057158501,413.35367987074375,0.9906791570657658,Very Wet
30.455451582906527,997.7693160513841,492.00658160523216,0.756730167068568,Very Wet
17.528066903069757,1033.372851509221,144.20271890937286,0.4422938054511353,Wet
17.102670152874936,927.9302509512626,480.5677427037965,0.7073970000329277,Very Wet
32.524228286478,905.9947179745355,194.7409474512102,0.3892304716917885,Dry
16.819075159104838,961.5859883182382,192.75595236846115,0.228875462483499,Dry
35.546501482258904,1040.9361525473294,170.19355212725284,0.5968518768877594,Wet
32.65605567891241,940.3706904245897,270.7038036737926,0.9281820981139515,Very Wet
17.033719516047494,1034.6864866649835,77.07252158924355,0.9291395200154627,Very Wet
17.120942852129797,1093.982409221454,276.8557426790056,0.3419052781054903,Wet
39.66598946252938,918.7801431578837,270.852406205002,0.527677466221695,Wet
24.356769893903007,1034.5204236450252,380.950906302435,0.2116358985698612,Dry
24.26605367667227,988.7500438609143,416.8249809687928,0.9956311094988834,Very Wet
35.31998918143756,1073.6284508755011,220.22067515621202,0.9811179078679357,Very Wet
38.68121443459647,935.4299578894772,151.16662467574687,0.6495089297074473,Wet
39.650026595571774,1038.525190445233,129.66744865854724,0.8044140596774734,Dry
33.83445463147354,1067.623057929622,97.31191835243597,0.7151001612837,Very Wet
24.406489638272895,1088.9228438948046,28.82379109951244,0.5931582190394682,Wet
17.08751791746672,1036.6496056579292,171.22398941735668,0.053347996988897695,Dry
34.42867289818592,999.4349528016854,135.12384606539163,0.45476434255266107,Wet
28.960106243395124,1023.5694480402428,483.2086929332037,0.6747863021674105,Wet
25.605550231174405,1073.7809968957436,278.85441312502195,0.6775316138836847,Wet
37.6588596273684,1014.121949327766,173.63851951525376,0.3731226184223836,Wet
17.779937057653783,906.0774119393674,290.233800496848,0.9416919866580306,Very Wet
27.31562760727148,1086.1897391013956,69.59835067284776,0.167357032236781,Wet
15.283841119185476,1037.9053502063123,222.02187460110144,0.5003594462155606,Wet
26.716516049853155,1035.3026771554494,313.1171607105319,0.6908839765508228,Wet
16.407581892045933,943.1350304795434,244.44891589622569,0.6971358058918092,Very Dry
17.9704479067018,1031.7770940465314,200.88940032716212,0.6486389567688156,Wet
17.93815616942762,978.7728811308317,496.9241944498491,0.27528821345186016,Dry
31.230257552901588,1030.2465954082984,440.1573810744635,0.15620656868662197,Very Dry
33.65112198163558,921.3186060615982,311.7029790797201,0.6359403268267109,Dry
29.58421912742899,1031.5690609206072,284.6886805911414,0.5993021161394377,Wet
39.05431371186354,1099.8827451541333,310.33023991229203,0.17935601028924097,Very Dry
24.3717644880926,909.6424077721113,100.65605391121663,0.7051391455705633,Very Wet
22.142802157046518,1095.4348368442634,197.5688716321593,0.4551719917336564,Wet
36.71497820473651,981.3815921445741,19.72976644544966,0.6677605916031529,Wet
20.589895962986315,1074.1506900674517,237.77301874341333,0.8373670797701507,Very Wet
39.08056348601528,1056.4770968116547,271.51229197883157,0.16972842857692316,Very Dry
15.30386186724541,1013.4032521973336,113.87486805160479,0.01914486799683668,Dry
39.246970667690974,1047.6898418502653,482.0144235827569,0.7791025863957868,Very Wet
16.0789977987644,1075.7031122602696,454.727305468621,0.6096974251526159,Very Wet
37.27857784245178,980.8280643302066,361.0716177279529,0.6996395696221217,Wet
28.192527727157497,965.4066323126477,266.6933143826813,0.8381549749886426,Very Wet
39.82411990298251,1033.518677112717,434.98457982384247,0.8028109348245005,Very Wet
16.84491411838497,1061.5691883882516,65.32617191173145,0.9609201469288247,Very Wet
28.84635711003302,1052.4570269553233,395.25489713744247,0.5359350788521182,Wet
39.23256339047747,1059.562729771727,62.41040698342415,0.48849563265990537,Wet
28.07744610425372,987.1166629625866,397.10533127470273,0.4018871998907301,Wet
30.73496595338156,1063.5668432350044,137.8837841256785,0.15369104284420454,Very Dry
32.39371722461543,924.0418110741217,438.54529050909446,0.5726072328820224,Wet
26.36352661919433,1008.8978195921699,472.0210469126989,0.2770125243259788,Very Dry
30.688952002101587,901.1517320996243,74.39798470255782,0.9213075122129755,Very Wet
29.607857798077504,964.917165980054,231.33780253269677,0.5831908042770976,Dry
37.52895026227472,973.2923069742795,490.49368908134255,0.5928401805081102,Wet
16.136159508536448,979.2345383218511,241.7037179865733,0.35492466087701,Wet
22.024079739805757,1039.0934413379723,431.77376125727255,0.05198935197770749,Dry
38.76028710191397,977.7116202540692,294.3657610656599,0.03174376537298862,Very Dry
37.25659459727291,989.7387245245061,187.66495395980093,0.4233351441531975,Wet
26.391418819642823,947.5088261748655,142.8917777629351,0.08456537809723785,Very Wet
30.50331494503842,974.650358325868,101.61154554304363,0.6068469555401391,Very Dry
21.934529574528316,945.4539254526303,380.8990956888486,0.8809730056396574,Very Wet
19.703028993094033,914.6391847536887,193.27025341151395,0.8829148165187222,Dry
26.592460123499556,1020.6897186762756,255.6377311003756,0.6590454101322324,Wet
23.833805700651318,1033.6425597110033,246.16274000059096,0.211231831472931,Dry
29.5914027962718,1023.8980692019229,288.63951461656563,0.8629968313588721,Very Dry
16.94336592412462,992.6988087601145,432.78857281227613,0.8860934353132082,Very Wet
39.35987019165417,975.957156035846,490.3696717917147,0.1966535849529587,Very Dry
39.65526861199007,1072.666729914365,203.79210428690848,0.7374260857706773,Very Wet
32.45404285049363,1003.8163570272436,413.75946105315154,0.28651954892712295,Dry
28.40240915860301,995.8363755259462,382.26389732735885,0.8026403123529297,Very Wet
22.738190407158193,905.1284131612871,286.76447572778665,0.9972378999036027,Dry
35.344875492673715,968.2495655252312,478.0235718059665,0.030026005329392813,Very Dry
32.11827931384698,976.0391237571714,100.23725776420139,0.8973658657909319,Very Wet
19.065423483622283,979.7645561793801,54.63210515481071,0.622630533598658,Wet
37.77317961234606,1016.0344738454664,426.98098347771105,0.9733826191648212,Very Wet
35.56343107307923,1006.7205093453757,219.57490831687414,0.4650095175264276,Wet
38.7449978322981,1021.5810185586889,423.4844271035302,0.8473879305713737,Very Dry
33.142987709709004,1052.9766523084256,446.54510259770746,0.06239406859827723,Very Dry
30.33537989839475,1062.5971477432188,31.22879680953572,0.3352790500782957,Wet
25.456075907265472,1043.6246152452989,441.73238149303035,0.06701653775120997,Dry
38.31821208385033,1091.104739190987,224.1595276847111,0.9753431334790705,Very Wet
36.65159723751021,903.6465165352723,255.2162445021161,0.8169739072718367,Wet
16.130466752654733,939.1555971367093,313.2962555466051,0.8525474212459705,Very Dry
15.6591743624313,901.5125749956284,463.1913033650434,0.9379652314338942,Very Wet
24.41158417195124,1029.4949428309205,9.558047214882015,0.08510348611978535,Dry
35.26383326954583,1079.6061097899974,238.42173415890855,0.38559759251333336,Wet
39.68190323287361,948.6964593152599,343.86102121528035,0.07103488904400213,Very Dry
18.760422277588205,1085.4069089592613,361.35347884911425,0.21079310155002862,Dry
29.853267883803376,912.0534780579121,346.266215768554,0.22936577703767236,Wet
24.52227141577554,1086.8872053611028,67.21756470406093,0.4691072110475787,Wet
39.24785994536508,970.3245374479269,149.69779418584062,0.2685621674536426,Very Dry
36.05297307839272,920.2841656898433,179.35776270850673,0.10097810681776109,Very Dry
35.958217617778445,997.1743518372651,402.2186038397525,0.1674910890941077,Very Dry
26.717328994874258,951.3553135441016,139.3799362072765,0.14727556355209093,Dry
25.37048755844163,956.9745803923846,105.35248193360158,0.9730767979122983,Very Wet
21.835176798267657,961.4579929852573,478.7240095190481,0.7592925069184736,Very Wet
16.409387416273177,1060.6051795665326,4.43164255673445,0.967761465269562,Very Wet
36.61805940637633,1007.832255335051,498.9104278409891,0.43974048650790853,Wet
35.32252522825194,962.2615398312007,338.4106494286978,0.2783684816626566,Very Dry
39.992941832153264,1022.0667566621837,414.23464972455855,0.7982931972091867,Very Wet
39.91592092684763,1043.2301348446388,147.3096981730966,0.3262539180411468,Very Dry
28.885792640065688,954.5248001467068,7.1576388335299885,0.2993833737053483,Dry
34.22468537951276,982.7098203050703,368.93475928076504,0.2325059922078312,Very Dry
38.619143247060705,924.3772186673895,417.07229850033787,0.12967897822423535,Very Wet
36.24118476693529,936.2298699069361,370.2380659767596,0.25646306101676597,Very Dry
21.18370254357994,1036.2235707929965,71.4251436504193,0.3553197484738877,Wet
26.263603382752336,936.2876695391254,376.7139611284845,0.6739942081457304,Dry
18.228985378787375,1005.032676733412,384.4613910538205,0.06256484221945158,Dry
38.85127568146806,1041.8092523444866,329.27025783502745,0.21050693966534295,Very Dry
30.154365861272,921.3753846189487,383.0579663977931,0.8090236402916764,Very Wet
20.71607013758657,1013.4624439257807,422.96071983886605,0.14692192358377076,Wet
31.792517110146417,951.3125567402727,306.80205711872924,0.34264514652252154,Wet
30.453206011447396,1092.585375047516,44.302356984839534,0.8646589218581401,Very Wet
23.954067950821013,996.709129343985,243.81390483360542,0.15492531114344266,Dry
17.838939804990726,1061.1985099550316,38.82466733580253,0.0827368356181899,Dry
31.78932988981999,1010.0453084312524,203.77151551621543,0.48453799508001083,Very Dry
28.00769252259483,908.6825065709638,203.55324456281383,0.3024195112785364,Very Wet
34.30795979339098,1026.6302751188045,33.00492207012079,0.5634083644838541,Wet
28.004087527799832,1090.2806684413315,174.41026698473965,0.8038048904834751,Very Wet
36.3045375079635,1020.3223640292663,55.499049395657416,0.13714848815274316,Wet
28.797670969362137,1063.837771885358,404.1176050046111,0.580699084554285,Wet
29.023449288384654,1076.8412926696815,473.84401298223537,0.5055087603898639,Wet
36.91634006645863,945.6159543897865,36.1582376289693,0.14407878601319957,Very Wet
25.087071655309927,942.4089679816453,477.5576036458507,0.6239984855289824,Wet
18.35038071126602,1022.1961977701983,261.2882996683726,0.27364041786077165,Dry
15.719566907833475,982.2056939613409,149.78283897693694,0.4878343185440125,Wet
33.87843139184048,1067.972260573344,38.431037638081754,0.08227232427706188,Very Dry
30.507738783836615,1080.0046246796023,250.3121340352089,0.45958405721362305,Wet
32.60199420248059,970.6842758605436,397.2577722453743,0.3064634680428203,Wet
20.32410403772277,947.3741117948964,353.54323863334906,0.8223812111853543,Very Dry
18.409286889669243,1056.1051030487724,25.11300573198688,0.05697872699736828,Dry
15.363616641697048,954.9612071096273,36.45091768395176,0.41860727491832994,Wet
23.764688970164926,1064.5228637027358,201.43664131631854,0.458431424131438,Wet
29.74794217136583,984.7476507297525,147.64524702397165,0.7250060762991187,Very Wet
24.806101127493307,1033.5099798582942,116.19216152802392,0.574287575090211,Very Dry
25.936873050593228,919.1070627669336,140.5022494543568,0.667212337194181,Dry
37.60396736234371,1024.7718649353146,401.74137164844234,0.7770492856517561,Very Wet
23.706386675582507,990.3535357474458,464.61402681592693,0.8622029736581888,Very Wet
27.84973722899527,1017.3216926350948,202.5513472637832,0.3138754967224705,Dry
34.591325318528575,933.6028415489727,453.05550106624855,0.538022705363903,Dry
24.913569558031753,1047.3747489888365,160.747850623941,0.8401080784391999,Dry
30.552167505696836,1072.5594155086458,238.2184931718958,0.9894511309650564,Very Dry
36.55909271866863,943.3479600181552,113.01449890799987,0.8895193110437631,Very Wet
38.738015591441055,919.1429111040324,320.238021087922,0.3714672626243768,Wet
18.67683702322595,904.7277172092673,489.49055758740445,0.19516651721865041,Dry
38.16469062903736,1028.3943000886532,301.7465480216893,0.4893925374065887,Wet
27.302907326988453,1021.4188072177561,178.90704205677443,0.7416414518360422,Very Wet
21.45610970747396,1009.339482542814,323.9087229952642,0.4925690707532976,Wet
26.478393905956533,946.3894192231951,61.460339232693784,0.4831808633136685,Wet
39.50081438213692,978.1811991811029,444.3295401326993,0.8382304210818006,Very Wet
27.31545234982174,1018.8952670372346,251.54197538991818,0.36140377906718635,Wet
23.218790257187706,999.3533717718338,224.67487101982104,0.8597946748116456,Wet
30.835021357918144,1097.5571040429775,292.9323942267596,0.40680480095172356,Wet
21.003640469454826,927.2879505113466,312.3919313947012,0.3282331056783394,Wet
16.8965832027166,1039.0289108095187,35.88790311325651,0.453989911199699,Wet
18.22199304776623,980.8637536208585,341.3086106117012,0.7624469586748684,Very Wet
18.20114597394431,985.6399229851229,120.96584015776479,0.12600202786399428,Dry
18.797567337807358,1043.5195531316353,356.9763162532949,0.19641921587201738,Dry
18.470679316235255,1038.487230264874,411.2673971920984,0.951444825663092,Wet
31.021868620080365,1098.2511987404378,401.9792537762601,0.17549162738135737,Very Dry
19.54700210997862,925.678857890825,276.25048370394455,0.5677273179310546,Very Dry
23.64168208309658,920.8219298768332,260.0849461553756,0.5793144666619379,Wet
37.4197102476503,1044.8677634257483,71.43798066970587,0.4896244620502448,Wet
26.84904100657181,1015.6773834012818,387.67307520156777,0.6447452485768186,Wet
31.68894346302568,954.8321333119611,135.70469022335718,0.22982672579761843,Very Dry
19.307996780040746,915.8838737977974,248.34771140897328,0.5526622677767482,Wet
19.80722547021677,917.1316499192861,142.13704646375837,0.37217325524689715,Wet
16.021715406661972,1078.8381749328237,66.91418149984656,0.661667259629189,Wet
19.223376576804114,938.3734649437486,314.7788484458683,0.14122354337314946,Dry
21.964758475798966,964.6743124231042,27.166017411451914,0.5708774168394762,Very Dry
19.42526210691867,945.3312804453976,374.3226170631,0.1852703553833237,Dry
17.21756334392639,970.9992611663874,158.79339763055833,0.2786430631150364,Very Wet
18.01589677751502,913.8847685492186,0.06734650224266003,0.21870980032358323,Dry
26.519469200818143,1003.8119581816541,255.5645696186149,0.1828377798688171,Dry
20.158342960144815,913.522512718443,23.425954263801565,0.825710951560667,Very Wet
24.10674652620189,1060.0713015644724,138.08477891044973,0.28570756766089034,Dry
27.58543177137142,946.7424163820866,353.4882437278581,0.9271237818644493,Very Wet
32.25987071573413,1008.0023829209022,31.344810810932934,0.9699265253451909,Very Wet
15.982803496027474,1076.0158175122917,419.6692461780012,0.5712604699370973,Wet
34.98525997272607,1030.175473809439,1.909961329291554,0.1430011226657264,Very Dry
30.697509737272696,1006.591557310267,123.41193460095113,0.37454824337958126,Wet
17.043975798721796,964.8667506230752,370.45202807603573,0.797732263348214,Very Wet
36.839465602669435,966.6003826116396,158.1350748646534,0.36739072869707046,Dry
38.02181001329533,1033.897391039638,50.94619403300676,0.08701721830278875,Very Dry
16.526948996371594,1098.8278722442335,180.11695940021394,0.5567849109281879,Dry
21.921941203680092,1032.3678379698758,135.19664319226277,0.8451208514960348,Very Wet
35.15503199482653,1011.556683474005,421.35595108027746,0.7959263871435024,Very Wet
33.70649225959146,1046.1301020478493,156.67395879257157,0.17512314013035324,Very Wet
19.613025483909432,993.0411224567437,394.4662358880036,0.6727646144124667,Wet
20.233733083417757,912.028468520157,445.9360724053674,0.2205042634356471,Dry
24.26180256978455,1012.459363175582,216.90870978826476,0.21820753455217223,Very Wet
27.113074629775532,1091.525056901076,454.971571927196,0.8740717733051852,Very Wet
30.4563692882574,935.0605884715319,188.6590269815964,0.24966895274023015,Dry
24.22284098924431,1038.0009781641331,482.0392082450541,0.2632473465180112,Very Dry
26.563367903328697,940.1867377318113,44.644762262786465,0.0006533907612995549,Dry
33.68677345334392,1007.1655368946163,343.5096332516214,0.8706690341255177,Dry
15.917080072264948,919.335289929344,246.90702022846435,0.7925948132091347,Very Wet
21.31092360860052,990.074187251637,193.82440272782353,0.627328935090678,Wet
32.83373964711381,1051.2326657790493,316.3559393743005,0.7502657639388423,Very Wet
37.38017094217999,969.5143048477964,351.92854581716557,0.1520485674244918,Dry
27.791936052891653,1032.9823448974437,2.1816348251545437,0.45832359458757543,Dry
28.30283713163289,1059.0899921579457,83.47654437359935,0.3512193873487809,Very Dry
17.679300283494403,1085.4355638958905,356.52302531715935,0.09377652625701649,Dry
26.185309170586365,946.9284163710907,333.1927067891032,0.4861304852149241,Wet
28.315431661375577,979.8631831618616,483.0237525643386,0.9207396503426354,Very Dry
21.06176259086824,930.4832026660835,380.5188951253915,0.04005911905069448,Dry
21.731080773734526,1098.496700431675,475.38635386566904,0.2914609134937939,Dry
24.432104077615566,1085.4001935848592,351.27025076740347,0.20754093620570346,Dry
15.50177994444316,1007.9914260561119,149.02610431972158,0.23814665366569632,Dry
23.05197913957946,1068.4066588752842,52.68246112542824,0.9084345518793753,Dry
20.286200174913617,1004.1915954544085,390.9119316724678,0.4680690542342901,Wet
23.187433804447867,1024.717137600552,322.074610737958,0.4662994129398188,Dry
17.99405329548128,917.8248864232033,24.093006196648115,0.7605756424552823,Very Wet
37.263182018497375,1051.0540840993615,180.02523295048917,0.1544922040049258,Very Dry
29.839811338851217,925.542696727047,478.39990774214306,0.4872653541000508,Very Wet
31.97755797861224,1065.2135260505056,250.2005728551006,0.4299852141210597,Dry
34.729280965183456,1056.4056175340772,216.36456800985232,0.5969106905466561,Wet
27.46105497322643,1041.7489395485952,228.849802579647,0.9995577032504386,Very Wet
17.17300720218559,907.2320761049524,104.44136200258185,0.7694488940820471,Very Wet
28.427663545463695,960.6256711890658,184.3535854323976,0.3978657030174272,Dry
29.671027950521978,952.6225139821686,184.9066279935883,0.827553052274047,Very Wet
33.63598685460825,972.0272814943038,26.1775100937362,0.17070836331248018,Dry
25.791488655741986,917.5285493527678,383.7838142589591,0.030463686308960125,Dry
18.189507569889095,1087.3915646062126,208.2522159519395,0.20444837246427305,Dry
22.09439764496811,1010.7604481424753,411.08994340821164,0.34041155611425966,Wet
24.077057409965878,961.1048621316047,425.1740005599477,0.5105807574595599,Wet
31.147931033290032,979.3963034148567,105.99702734932903,0.6151291405411998,Wet
29.269457616722796,989.4405081009671,328.6767410850643,0.9106057172144217,Very Wet
23.902418147446156,1020.1188666721234,236.14090208149085,0.5098540095504577,Wet
39.66288121982449,1003.1358855392996,440.0783689607425,0.5012756446257294,Very Dry
30.14437048392218,1083.8783946428834,107.87033958822705,0.05024300982298213,Very Dry
20.93066979339986,999.3926965811661,338.9066001550221,0.03491155265622381,Dry
17.544561815510093,1098.4316029646625,303.87606112636126,0.5511599619163721,Very Dry
18.821478479608302,1070.2849915490192,147.6507387859164,0.4381786132483445,Very Wet
21.148943209612703,941.7021028714671,68.30045182558631,0.8391803949802986,Very Wet
19.017034331488894,1086.1190429287833,325.8198802386383,0.16067958471184518,Very Wet
19.664175601282643,923.2732795770952,369.2987290661653,0.024971662117049598,Dry
22.127379217346178,1063.4899416982382,157.813671881675,0.44903876793012587,Wet
19.33433988236887,976.124658695316,322.4163020111569,0.23747855675225749,Dry
37.41913561566063,1075.594864089014,197.56545380575164,0.04961437333883745,Very Dry
17.005843641541055,1073.6113380214902,356.60344164130885,0.724598286847629,Very Wet
28.112784739256366,1061.1850800235243,99.60763744702655,0.11159299995724747,Dry
25.259920674741537,1058.0060872614122,445.1075013180872,0.6083195000077717,Wet
39.559465422715164,960.9358278196081,143.70479823278987,0.28104975016688916,Very Dry
17.80097255420131,916.1838566102505,183.89299387807645,0.17349605035502202,Dry
24.946389976143543,980.5960357530323,29.045976040174892,0.37975152291931746,Wet
39.236760831884226,934.7049029973017,55.7561061606382,0.8014457762229537,Very Wet
36.637678147349504,1038.9902177804925,257.9309513561641,0.3920935769045727,Wet
35.426801773731995,969.219945307557,133.79633836398574,0.7507696492110557,Very Wet
21.447570676123497,1095.122040171983,417.7401128710972,0.1254862967991507,Wet
19.272189684751645,1028.1944154690664,7.346694327476921,0.7727714196650791,Very Wet
31.716080498110774,1064.496112726872,189.5470243359681,0.23693332490664865,Very Dry
38.23439972818964,926.5049345483696,168.67277338454633,0.6773931298888728,Wet
28.919072325348246,1072.4028964545246,9.663815458800517,0.5657815548409963,Wet
29.290317236747498,1084.551438102679,62.18419950025511,0.9291447172116873,Very Wet
21.999477341507102,997.4123837637871,206.82133745931765,0.38732251797531403,Wet
34.23732332979842,1021.2505875501955,246.43229222372332,0.06616518883444045,Dry
19.676093713938084,1052.9619601805991,202.14487362743455,0.019155485551252904,Dry
23.09198091010609,934.9677254520825,265.46883920604694,0.8268585609727531,Very Wet
25.635910965410417,1000.5132152926885,297.56583745284075,0.5247356376614322,Wet
27.690259467111375,979.7326055544627,4.961910563917815,0.7752440518349493,Very Wet
21.060243310377004,929.2747984324499,232.04757972675193,0.2344256000115147,Dry
17.87092061848009,973.5068844583063,481.7496204437942,0.34508374551323373,Dry
30.265501061040816,913.6344618770987,259.51614006477433,0.03010387221131894,Very Dry
22.215763831006395,905.1623813898974,338.7711337294766,0.9614923245741122,Very Wet
29.530955535565305,927.0332578309645,155.9319289584416,0.6678679067008134,Very Wet
18.859067881855058,1092.6230223178347,386.99568907638127,0.9332050877593062,Very Wet
27.028502546370436,1009.9059071790034,386.46074093805754,0.2654964074290723,Dry
28.314735813789646,1093.164432230644,260.6480238270695,0.6114636112256608,Wet
16.295588420560673,986.4995756660264,488.0069116396068,0.6784999682926378,Dry
23.415106954848014,962.363226617052,62.77510738132669,0.31754970025758844,Wet
18.360366923474356,1001.2283725680488,8.473832444790496,0.8481092350156301,Very Wet
16.584374261819192,987.902337726582,385.079105878548,0.9471614629002478,Dry
39.74900580974863,921.1329368523487,403.5777686824413,0.8848551176960043,Very Wet
23.058846124368074,1028.1652629380412,60.10361456028812,0.7390669759393725,Very Dry
35.24686114636587,943.20763650192,132.79141647930302,0.27746467972495403,Very Dry
21.366016369094098,1023.917590979566,8.776181683314455,0.28161604210563174,Very Wet
32.03756805559823,1030.0402184796308,146.65430539028236,0.9633603204460379,Very Wet
34.00569649724216,930.4049706257297,386.57093695933577,0.010284495935692028,Very Dry
29.890968515196107,912.2699254221336,258.98026385628947,0.7160499732421445,Dry
26.78940471375396,1056.1523172136879,174.04779658414404,0.7062461625552622,Wet
25.296022853681713,991.9600847538641,185.86964745316516,0.6226895409497974,Wet
23.721706663574885,911.6327591010952,0.6768128577340771,0.9901088460868658,Very Wet
38.23822860619565,1098.9732634339534,149.90026378261794,0.31187943576372523,Wet
35.76548519469323,911.5561121992733,323.22937081896526,0.3399718637932482,Wet
39.12567276666282,1039.0070457717106,487.09722190817854,0.07893940294655555,Very Dry
18.10743058713862,1096.7357850526828,423.53041349194973,0.44279813654373745,Very Wet
33.27168688009111,947.8360208431851,11.797482322764562,0.2610485262348481,Very Dry
38.458511420525944,928.4498737374392,449.28030233741964,0.3433867021776442,Wet
19.530826654141503,924.2769878844858,391.599206649313,0.8345717902556277,Very Wet
16.662406684169436,960.6550295135191,390.1880617854902,0.9354845135274957,Very Wet
33.528016232251474,920.2091622021294,228.99787950178575,0.18573307200518563,Very Dry
29.3618278294978,1038.4322683388264,199.0026464772514,0.37250893155346587,Wet
36.0457194189568,912.4583596260126,151.45786441659632,0.9286305621153941,Wet
18.494309415657238,1001.884425629958,32.847429477182885,0.06180846068922263,Dry
34.88168279649726,1099.3393707705955,114.11768174684956,0.09236052811137851,Very Dry
20.040683001193614,1062.7940539012038,123.30181748901231,0.16279098920622936,Dry
19.091398571642614,1023.0438876462022,242.0385348551008,0.5952128341268748,Very Dry
19.106644948274823,961.2507241573223,373.722203298347,0.15047227100599747,Wet
35.364368005784556,1024.7791672583278,236.9049141989733,0.9680763814507335,Very Wet
31.629930517405004,1005.4082927823304,28.922224723580303,0.44671452725852034,Wet
28.076635619227982,985.2166767780743,478.89490049410193,0.5015179603501664,Wet
23.970762103087562,926.14207534804,471.36215954705614,0.2466586158054065,Dry
36.930013520327705,1077.3208430480934,392.5947715742042,0.4709602524347335,Wet
24.811127685565886,989.9569297642645,495.6639507821103,0.6619136326370115,Wet
35.41498598678943,938.924502364153,272.2411664001315,0.7511771369540428,Very Wet
25.97837271425546,973.5518701754579,481.38417512660305,0.753868082709913,Very Wet
24.423610735622688,982.8259505057854,37.802520308375385,0.5778911126940883,Very Wet
26.56699464174016,1065.507579113375,182.84037413068566,0.9043597749938572,Wet
22.534446854103553,1046.7228761122803,112.69063400338291,0.8174078473061094,Very Wet
33.69023450440628,1053.860978728268,97.91654206713501,0.7570481146986254,Very Wet
27.56800975231198,902.2062528857294,70.40147444633804,0.05560552168046062,Dry
20.80531737867043,983.2307996359523,311.2068207829983,0.006877962219649314,Wet
37.48936433186421,996.2688303270647,390.66092787365255,0.21244727719547296,Very Dry
24.597280534330284,903.8384553646114,289.1491997101803,0.6635235939134523,Wet
28.588821527849717,951.9626417490068,73.48135479410483,0.4111974888825458,Dry
37.661802774113674,1052.057964624427,405.5618849667355,0.40240625929931173,Wet
30.605949897849804,927.4219411457998,317.97735358186424,0.8845868882296137,Very Wet
17.9224510177091,1007.0620262905184,194.08285306349777,0.8955628481318387,Very Dry
38.49580309033688,943.0403744034475,337.06514776803147,0.9091752640535857,Very Wet
30.692701326785446,902.4241549287786,129.95248962141642,0.3138780765150273,Wet
23.372640366427152,948.2402915199083,172.59610424710525,0.6910558127392618,Wet
18.48180181658468,1095.1747509820107,458.7429215659951,0.27163318127436964,Dry
34.8506297317574,1060.307422376598,145.25225283571018,0.19060983307444979,Very Dry
30.50181889821284,1091.9153288642067,234.9941340789683,0.18463245734736922,Very Dry
28.33652729940804,997.5708087852724,445.0705686980073,0.34210762086359403,Dry
37.347314576273945,921.9472397355007,353.8606751337637,0.4299576197798217,Dry
34.714930280613274,1009.5918977947385,31.101613082351378,0.8309491710550684,Very Wet
18.79187199331878,990.8754669119921,73.65152213948517,0.1198910934727121,Dry
22.793051694888707,1068.8714165479232,3.920795385958409,0.7349258473948942,Very Dry
21.212228495361643,919.6165161568489,315.4608951145817,0.5314549141893053,Wet
33.598657314316924,997.6482274043557,223.83671270520915,0.2879453426759925,Dry
15.838310868394485,930.0097329387969,67.13742545113777,0.4928195845328246,Dry
29.24724212178291,964.935185378012,478.9670605283852,0.29994206977702265,Dry
34.06146714351726,1047.47141547756,264.82986197280997,0.596081955238306,Very Wet
36.91914091904374,995.2036258737533,120.94664705644459,0.4338439228552442,Wet
23.55204371789769,975.1776570291538,250.30178557735377,0.16440552907887873,Very Wet
35.531432616800316,978.895255714007,339.8101663675539,0.11658307455569672,Very Dry
17.76579342388018,991.8893536811973,38.11960898678224,0.5466956820721302,Very Dry
36.16130729336295,1057.0033087674115,137.35190752394598,0.9024130332861034,Very Wet
18.18721655829956,1078.4169377880469,403.4827454419968,0.34395768655768555,Wet
24.93218226400918,1091.0669373007856,229.8324352013306,0.7330001072226232,Very Wet
34.932384144488836,1057.380677251059,273.28857101614744,0.658661354939767,Wet
18.747935683719344,963.0813791496025,216.40800110473464,0.931554914309481,Very Wet
20.731284880816037,1037.6269412173085,21.94997132150256,0.8209810172991409,Very Wet
33.05631420982665,987.5206248110784,82.87488991007797,0.566605258905463,Wet
33.00091341365186,950.9341244092102,222.77081937094545,0.6570304982341073,Wet
31.028690822132432,1068.1743158851846,104.5927327039639,0.8983864665840349,Very Wet
32.3487111116775,907.685269792465,24.98951432983937,0.3995187845869348,Wet
28.568111083689907,1080.3523984270846,421.82483202591186,0.32679470585777737,Wet
21.294976472673817,992.2954929249469,490.5962645820579,0.010811083635196339,Very Wet
23.642399837597985,1027.4402953616561,396.57143699836973,0.8265510741914642,Very Wet
19.539942920035642,1031.8707844411565,426.8924608523335,0.8009807004033649,Very Wet
37.71126403334071,1079.0235481413074,120.98856515852269,0.10445451810015138,Very Dry
29.58479486915301,1027.3339364334415,480.3134877565999,0.5768573811327002,Wet
25.021285419090997,1022.7867169520124,98.46285222671419,0.4639816981668874,Wet
26.550145091103317,913.330408112138,475.71490518091616,0.11870909550911146,Very Dry
38.68208349029538,1003.6816043890408,497.4096469829755,0.9805682270607236,Dry
18.833785077902004,930.0338001634084,355.86140287302436,0.21469588746335544,Dry
29.65574580041993,1047.4867537442972,490.57186589591095,0.06723418009056115,Dry
27.64721697211165,1002.4443841625349,284.76988978355183,0.5948473795019096,Wet
30.286355885866193,1036.0455558416706,129.77089158804517,0.7388666771330327,Dry
15.452754595521013,908.3345801204769,218.49794283281042,0.03244344604718696,Dry
36.803097723603784,916.9584032091607,296.780467689393,0.6587176387270222,Wet
38.302957062090314,1043.2646776125364,36.5407810135075,0.5322918759514544,Wet
29.12832958973022,914.4168671997347,311.17163230862303,0.10326500887504841,Dry
32.4162705969223,914.2513455530517,490.58891838114727,0.17252387694636206,Very Dry
38.062484529432396,902.4216950469774,95.05382489186381,0.5679742973160805,Very Dry
32.68096585783496,1091.300279659896,396.29755814419167,0.2963576135132884,Very Dry
18.813476072856535,1047.5016718918014,453.9493968898097,0.9383157286513161,Very Wet
29.40720900417033,970.6502817004128,471.85079641011043,0.8187402294840508,Very Dry
30.1678761595714,959.307116257531,480.0678022027236,0.983567206513663,Very Wet
25.60326678255965,969.94064594917,260.729819360736,0.259670838950414,Dry
33.411105890618074,1054.9307062362363,488.65395399575186,0.969723632797977,Wet
38.35917536922537,1032.2741222140828,378.65510356721944,0.43123386979155787,Very Wet
38.13921282266941,937.0391135734936,80.83571811848095,0.3475187953137546,Wet
26.270984285103303,934.8218670668168,238.450053233985,0.05034952696935324,Very Dry
17.830951146018883,919.6791299426794,359.16558768600197,0.05276525785960262,Dry
39.62102997405836,1032.0605439402675,123.67015790954167,0.6920112559466547,Very Wet
35.972452161148354,1052.874532444347,320.30759177444367,0.4579289944340279,Wet
18.116567030081672,953.0092856650008,333.30023952330964,0.2265216260361057,Dry
38.02104706543431,904.1889922061825,81.34987190428295,0.6139703063252326,Wet
36.747409051553205,916.4343334952855,282.54265622637814,0.2528581182501112,Very Dry
27.970951428151803,1093.572006969006,385.81345548930386,0.5776317543444226,Very Dry
29.781885893623233,959.088955495484,249.44783226797097,0.35920874698269034,Wet
24.975067596753256,1053.8446295676267,6.051558388053713,0.823552226611819,Very Wet
16.369040970550785,1024.9327137708528,4.519234539646089,0.8206961607667793,Very Wet
23.379931041147522,976.3879279305792,178.5146719850061,0.4773503981224013,Wet
35.071336214950286,941.137452439111,463.097034215891,0.3508191093350156,Wet
15.115800575115072,924.2772836318812,114.33838980180438,0.36255979655909454,Wet
23.337479292278605,1023.0025936077733,317.1818444358436,0.8057145256682179,Wet
24.954217339773585,1054.9267561275576,111.03793534666029,0.328179482797612,Very Dry
28.434890073448074,1028.7808507082261,160.8349948297743,0.20905937370684602,Dry
37.99639041031901,1006.0604266498317,424.021044800742,0.08468834187530683,Very Dry
23.65864985914903,908.3902446863273,364.43072113497345,0.4666931208844084,Wet
23.673830047405694,1093.6977555188769,47.699638656605316,0.4821320989198419,Very Wet
33.43753120274371,1059.742838330915,214.35101049321682,0.8409087104029072,Very Wet
26.30544852224518,958.5644073401929,14.584881822632234,0.22123869644606398,Dry
20.61512057349955,1095.99406587177,240.4450733015045,0.3809912736683999,Wet
26.310987903317333,1020.3763179272644,331.21700585053406,0.8084057388936909,Very Wet
18.521425509494996,1016.4845316414493,59.25131179907578,0.8236236107489735,Very Wet
19.409674662655583,1049.6146358859064,144.44246945458283,0.3846110759787682,Wet
27.459194318486993,1062.3539576180276,198.91831275107847,0.4591240232866809,Dry
25.473136237613698,1031.2957214663006,459.7655123280249,0.3032858908492829,Wet
37.8711475267025,925.61914927324,496.627507711482,0.9325548784193121,Very Wet
24.059847477915827,967.6535011988997,22.45564949780793,0.11864376574158031,Dry
29.514708756951087,1085.6167280652098,380.503961747696,0.93374942300147,Very Wet
30.80660719798826,944.9231223687704,185.8620332011716,0.6838664518353432,Wet
15.32736141470834,974.4334047675027,196.22909311474,0.5315721526867312,Wet
31.588434300417767,986.4153765888392,377.1324866735113,0.032659060784495875,Very Dry
19.450899171743785,987.8809979388905,459.2132160727043,0.4755961918220083,Dry
39.026757936736374,1022.5879164989051,475.4642972512742,0.4077481050027323,Dry
18.716568193827825,1088.6151675489416,288.5612930191604,0.16121881197512256,Dry
25.365603093175594,948.138542366501,178.5605796502514,0.6564096035006569,Wet
17.133741701966095,924.3002752601836,393.7745429293896,0.9711509073682858,Wet
39.92185629614868,939.4940979719875,125.50069163115013,0.5621888110645251,Wet
27.554875258281065,1077.3849800418539,282.0370144167589,0.7147532764439458,Wet
29.884625433001094,1029.1621625310413,179.28923076243657,0.06845045256601678,Dry
16.676911934710688,957.181357847832,328.31553685393806,0.41766699581699473,Wet
33.749011759979446,1063.1893877937234,120.19945644675344,0.11635848516449587,Dry
20.247639827389644,1072.2739992726872,95.79647286741289,0.6127958355365104,Wet
37.45135723601784,1069.3028677380555,459.11954333771854,0.9384821582141546,Very Dry
20.12849101205018,1083.785306727911,50.90184147476845,0.6617777324716385,Wet
19.767193016591662,950.4482040346724,252.97895386746583,0.07680304831442153,Dry
15.913741696202372,1051.0083857492557,110.42639148150445,0.35466620498508283,Wet
26.80167362774998,992.107899454828,19.464981662833726,0.5506633794408515,Wet
29.121028331565412,1068.3997105780122,18.009409145713196,0.4032077561332522,Very Dry
16.642715985708808,1045.6981354323227,87.61088605291367,0.8336440104751723,Very Wet
34.38819041737526,1055.289489299945,433.3851772530001,0.8146710047099892,Very Wet
26.332220868700688,1031.2323675362143,141.23937198851334,0.6118310201032214,Very Dry
28.1097567331895,935.4857538939414,475.22958528764786,0.37345794513270525,Wet
26.019068673455706,1009.0053837793877,290.81114649459676,0.25533637376324414,Dry
25.01907652188315,1096.9339479049017,218.30709488438305,0.10587431821312931,Dry
28.991008282705447,1087.4776132994239,290.0444173347273,0.35489768348655404,Wet
18.88100614826781,908.6347471594023,258.3491926131339,0.4131725172077195,Wet
19.548203262381776,932.9629631458874,379.3881268786626,0.6758229251040736,Wet
36.54464052533793,926.3457546909124,141.24803298642613,0.6581598242975735,Wet
38.65288655334082,1045.195981997059,176.52519580015118,0.07010813964125695,Very Dry
24.332732906993826,1063.557065971389,447.04715126662535,0.3952593154311578,Wet
21.768616828588844,942.7022732621344,473.22825657520275,0.18177886721736192,Dry
31.099988580975396,1001.1705385903658,446.27911374323725,0.1568127053168057,Very Dry
25.21835427745241,1068.14060560224,209.7239969786568,0.8273021497372459,Very Wet
15.634658891508622,1046.5603089532501,390.18275150344084,0.04191521671625753,Very Dry
18.90381493415476,1008.4474410983696,238.1678666505494,0.41918287590212133,Wet
32.89930572118494,1018.0695380917546,248.7699260730511,0.1682036557665182,Wet
31.473098547753786,1001.6721093832559,102.34005452864197,0.879330215678474,Wet
15.677399812587087,959.5096902637641,295.56515162925825,0.5570405132750351,Wet
20.549304048323737,1013.0043985718032,93.06794887667397,0.23138063637684803,Wet
20.776869914701784,1037.777060410018,165.78234953359689,0.5024272871663764,Wet
31.79731858996821,1074.6645831721617,427.5151008099676,0.7314863597031158,Very Wet
15.492763443859104,1027.2582707958495,103.53790460542761,0.9581180089194338,Dry
17.602714549614348,1052.2243074086316,35.57914258671641,0.22044600424541894,Dry
34.997902134329735,932.0143269909146,34.503796306408155,0.8861817721293451,Very Wet
19.463616551358342,992.311494883958,470.392260251554,0.9343041141674903,Very Wet
31.31865269629687,901.8663239654187,253.46021898091732,0.9164205445320662,Very Wet
20.954569526168164,949.3357729043246,204.70603590850916,0.6354143568619098,Wet
17.48603481898363,1045.292343022601,405.4392905039592,0.6298206544347077,Wet
21.07930477498635,1098.3619902698726,417.912963955258,0.4032106331838228,Wet
33.05667329639148,919.8356199174432,166.0955165578023,0.7523978823037879,Very Wet
36.39241170265714,980.2988631722576,346.80902873689763,0.5312940183509319,Very Dry
35.75549661417479,1060.0141937398319,385.5614079259433,0.6774380712282945,Wet
24.92958824046137,940.8071269257798,327.32534343297726,0.42845790384879545,Wet
31.702128414266156,1011.0169898604572,75.79753740004969,0.7314964640431391,Very Wet
20.124607385395525,1046.614259205935,437.9415417585285,0.8244715176045491,Very Dry
22.328693256525334,1023.1970900520358,269.54727636800436,0.14643625660281612,Dry
37.40839546302799,937.6049469230833,141.23621318500184,0.832929715574228,Very Wet
15.325048087768401,971.0769137371478,212.61409271884696,0.5402965317903072,Wet
17.1377132713617,1056.7583568970795,18.78554519945369,0.8446659090902243,Very Wet
20.197156378650682,1010.8453028264033,63.93340061120878,0.4313017063410146,Wet
15.663305096845493,901.0459227085826,382.7733752579304,0.37904048538303503,Wet
19.535885877244933,1052.1981520056188,0.005817377683070557,0.9150607325172224,Wet
29.576039024242306,907.0622709880478,208.2829142411461,0.2511692675484013,Very Dry
25.53561376481245,1049.1467565462465,261.2550905427942,0.8442123252861431,Very Wet
37.31679277692437,940.4961120330474,27.31721000048615,0.4840205725094041,Wet
35.436089043461024,1091.6146960238761,486.5390814861664,0.5140954425512597,Wet
23.5454337924469,973.5881502604169,113.06266562483597,0.308468281489484,Wet
21.485585835782313,965.3863232676158,152.09935981814044,0.5730422006190157,Wet
24.49231020418167,929.7776100664889,151.97125612751367,0.3252111962762113,Dry
29.757373562870193,961.120843098043,115.20833105867496,0.03926941424165231,Dry
21.701591020571907,1075.33015236564,0.736911043155708,0.27199860534435605,Dry
30.603722696228353,1099.2668675254495,364.67239704399816,0.006379043406590679,Very Dry
25.23529130478101,973.6619061013697,483.42274989964267,0.9783547870568566,Wet
28.801179521299506,989.7221261909085,112.14674164252253,0.9657472098197475,Very Wet
25.903163228382915,1044.4141876405474,331.5235959017112,0.39515529747230504,Wet
22.361643988547943,1077.239156093015,370.94816347935756,0.728370854339646,Very Wet
38.71133267405392,1018.6088668373568,424.2126895452624,0.345806098410425,Wet
34.09014485399402,978.3051396355659,211.31459850680457,0.671093157085976,Dry
18.502829394161314,982.5243681697248,151.4654528202146,0.8054300430459791,Very Wet
36.711699397447816,1039.1236292993613,162.64756701151555,0.9467562446922407,Very Wet
27.18577995623784,900.6436527208557,356.31066654925644,0.400212275849672,Wet
37.363805672352285,1023.9178674919681,408.389733252818,0.7832979829560477,Dry
34.996381398682885,971.0986020882715,90.80698387830132,0.2659284506321188,Very Dry
25.630337611730837,1058.839466255417,185.4705040788826,0.9903323037936483,Very Wet
15.561732708002936,918.5981279646264,450.970098374575,0.025769598764351143,Dry
21.71693398462365,1017.6404533896781,403.34675984736964,0.603528806501121,Very Dry
28.540855366521672,996.1945779772248,492.42920138123793,0.6595059816513271,Wet
30.836955495653683,1028.4651051810456,377.12412984104037,0.6880455570741288,Very Wet
21.447192135830058,912.9707188965937,196.59760051396114,0.12038757878908901,Dry
18.483901851820605,1015.9967574856263,295.31891699731887,0.9385297834731304,Very Wet
35.873255919982476,1012.2969175919047,330.50712712366015,0.1811832790500828,Very Dry
39.61005451758881,1012.1320188832342,39.22790815856197,0.6227534032398411,Wet
28.142254557567146,1020.697533319291,272.2484795519325,0.22267607912308496,Dry
19.291982146207587,1035.2935874452724,354.6604142363048,0.3072164170212709,Wet
21.807683162984226,1060.997799936154,83.66065200053019,0.5464585417281244,Wet
15.459766913686668,953.9641440256429,390.31585871277855,0.4171934185645765,Wet
37.857470164012476,1065.0098820360124,291.88639025705584,0.1602256009765063,Very Dry
17.94377707225353,999.6511364526907,476.11089284879733,0.1709364024208483,Dry
29.41291188785634,915.4116558268662,21.211149103445848,0.41814478816279965,Wet
21.85138051718015,911.7101858487958,132.66306877773349,0.7572829782755007,Dry
28.854450062894834,966.8476637392122,300.77693964991204,0.8979646468477885,Wet
31.285509708796607,1056.9793954222935,148.27995610296534,0.08412766225938284,Very Dry
35.74354509268004,1041.536186948183,357.2120820356211,0.39310390755940106,Wet
20.16053179401508,1057.7229929344812,379.5026412609655,0.10024556372287663,Dry
15.274895716462012,1003.4538112883218,51.25798203323723,0.016592480632597884,Dry
18.422140751720182,988.0397995910981,256.92723210338386,0.6617186826439566,Dry
37.50046604620263,929.4905053412568,254.44527779552794,0.6024494419665878,Wet
36.847251939062886,965.6385507218623,184.64038510777053,0.1630191138148862,Very Dry
29.935327554257707,986.8038732347751,466.46243128483604,0.2338128330930641,Dry
30.012921510841334,917.7200859359234,413.7531599366106,0.02370775364451838,Very Dry
31.625916863656386,944.1223905422422,348.6046909548184,0.8349472056944037,Very Wet
19.38428196558624,1019.6450588127477,357.1633178674988,0.9746905960485515,Very Wet
37.860298648123994,1047.1326228478379,230.85807190655956,0.1354595367946908,Very Dry
25.469263122301825,1099.66950227859,460.49726054828795,0.23147521376529812,Dry
24.578463206237437,1086.6226662687116,347.2977136266427,0.868409523946934,Very Wet
27.97294263207094,1028.5130399070383,364.49053082790823,0.9264637979561848,Wet
16.174149169376378,984.2496106588144,430.84545189367265,0.41962738280681033,Very Dry
19.157084218901986,1027.2354729416465,137.0357946710955,0.050622472269074126,Dry
33.45084041065926,1057.1303236160463,403.5354519333515,0.0393918336928194,Wet
17.069966698128162,923.6672381846774,97.62030147824602,0.5739498660690104,Very Wet
30.078802736659703,981.9809779392576,172.67097612244393,0.392895108893179,Dry
21.133727742033024,1067.9604571271234,167.80522713492135,0.028652427577654516,Dry
24.732390351049414,976.7665903866088,489.26273419457027,0.5832523923125568,Wet
22.217343419267497,1014.3744542454373,428.26861187396344,0.011302536589022472,Dry
23.89181791162373,1017.5538721724397,350.5849307951299,0.787371958149273,Very Wet
32.97614762960614,936.8952506267278,363.52838080769504,0.3064328227033716,Wet
22.428042890579377,972.4470883304576,281.0363972012855,0.0402580030092321,Very Dry
29.16011600742243,966.9022577483864,473.5453335542595,0.5883522209831533,Wet
26.90126005497749,905.2393417064129,248.12937644118077,0.3976844144330547,Dry
31.591779134066204,904.8383527782711,190.25885493494727,0.9738004133571495,Dry
38.420743483118954,1066.3394087351546,81.5176684657955,0.5441986625037022,Wet
33.31430243025626,954.6141619945624,393.10282613052897,0.2752391810370083,Wet
20.37350946476892,1003.6157532477631,367.2219660377957,0.7094388646339748,Very Wet
15.779578376532116,959.7451147177546,192.17751926206745,0.27149200254271133,Dry
21.556601107495627,1088.1358490230682,12.59670697961468,0.9042432914075651,Wet
29.87694826750637,951.8593517731548,419.4986638590054,0.37472197050737643,Wet
16.28564533710626,985.931362547787,5.708991727036816,0.5498685627762052,Wet
27.40915618003091,1074.5460500969205,351.84988981452545,0.05057310382422886,Dry
29.92107122292223,1068.3867133583617,485.1285548630285,0.4261212379522308,Wet
23.356097270424023,937.2202835692555,218.83066407410172,0.832363539660995,Very Wet
34.272805093645545,1060.528661959142,117.48670249797638,0.8056488053633419,Dry
17.664956328344296,991.6373773475785,352.43550502169086,0.22431855885352625,Dry
16.87844454339522,996.593774417071,408.56407100779256,0.22607907101056268,Dry
33.20471890509008,926.6959944831888,273.2151580389237,0.8173053122132368,Very Wet
27.38728290515496,916.1203027514249,483.5176376280731,0.9303984201693255,Very Wet
32.2100599106934,1045.587861394753,25.83436082898055,0.09536092127300355,Very Wet
25.870683465093656,999.29223047106,252.39779915226407,0.45005863942622526,Wet
21.16005083097767,987.370140523036,359.22697366127505,0.33745427896422897,Wet
35.477557941855,1045.9016457304792,431.3202355745895,0.8706884554574393,Very Wet
34.985396974224486,1053.102579798222,89.62780595389502,0.08352491468001877,Very Dry
32.367411771360665,931.7816335338707,400.0017408818407,0.2111259425580374,Very Dry
21.803628430749068,1022.0450298955283,276.35353785927265,0.7524683375864943,Very Wet
29.755766671727176,927.070816455537,198.2768409949816,0.051293848981215584,Dry
24.02434742350067,1050.275017205809,65.85751428954678,0.49253538071428926,Dry
17.289551833165852,1031.3910312534279,432.6478794544562,0.44210703467972,Wet
37.93283938655607,1091.3229242166917,78.63660408985767,0.33440117898874866,Dry
18.420465772974033,913.7916032712842,154.8939296045496,0.3945723153189238,Wet
38.75593384552006,911.4109442302508,145.02276598121844,0.5299405869302329,Wet
26.150144323948894,956.43741493864,435.70701709542715,0.16136735838838312,Dry
